Date,product_name,Branch_1,Branch_2,Branch_3,Branch_4,Branch_5
2025-01-01,Dairy,14,29,23,14,14
2025-01-01,Meat,21,8,28,23,41
2025-01-01,Beverages,16,44,19,41,33
2025-01-01,Spices,17,39,46,31,19
2025-01-01,Grains,42,18,35,30,45
2025-01-02,Dairy,35,30,16,32,30
2025-01-02,Meat,39,16,5,30,25
2025-01-02,Beverages,24,6,8,45,50
2025-01-02,Spices,6,9,6,11,15
2025-01-02,Grains,12,21,14,41,12
2025-01-03,Dairy,28,40,5,29,50
2025-01-03,Meat,34,45,6,11,5
2025-01-03,Beverages,6,26,9,24,22
2025-01-03,Spices,16,26,47,35,24
2025-01-03,Grains,38,36,31,50,38
2025-01-04,Dairy,5,29,24,10,26
2025-01-04,Meat,42,31,23,28,39
2025-01-04,Beverages,5,40,28,22,23
2025-01-04,Spices,43,7,22,42,25
2025-01-04,Grains,30,41,20,29,23
2025-01-05,Dairy,20,44,38,24,15
2025-01-05,Meat,49,9,45,49,49
2025-01-05,Beverages,44,36,49,28,15
2025-01-05,Spices,23,48,23,13,26
2025-01-05,Grains,14,26,15,17,28
2025-01-06,Dairy,19,34,36,25,31
2025-01-06,Meat,29,31,32,27,46
2025-01-06,Beverages,34,25,42,30,33
2025-01-06,Spices,35,34,24,15,19
2025-01-06,Grains,32,13,16,22,32
2025-01-07,Dairy,41,29,27,37,9
2025-01-07,Meat,8,15,28,15,38
2025-01-07,Beverages,24,42,39,25,10
2025-01-07,Spices,29,47,7,9,15
2025-01-07,Grains,6,32,38,32,8
2025-01-08,Dairy,46,17,36,18,20
2025-01-08,Meat,5,46,50,39,46
2025-01-08,Beverages,32,31,37,47,24
2025-01-08,Spices,24,45,16,32,17
2025-01-08,Grains,24,32,46,22,33
2025-01-09,Dairy,32,31,38,8,50
2025-01-09,Meat,10,37,31,27,41
2025-01-09,Beverages,39,30,9,33,37
2025-01-09,Spices,20,26,41,15,45
2025-01-09,Grains,41,20,6,34,47
2025-01-10,Dairy,16,45,42,34,14
2025-01-10,Meat,15,14,14,11,18
2025-01-10,Beverages,41,8,34,23,24
2025-01-10,Spices,33,41,6,7,14
2025-01-10,Grains,12,14,33,13,42
2025-01-11,Dairy,30,36,29,5,9
2025-01-11,Meat,34,10,8,8,16
2025-01-11,Beverages,44,7,45,13,18
2025-01-11,Spices,40,24,22,27,8
2025-01-11,Grains,8,11,36,33,6
2025-01-12,Dairy,5,9,50,17,31
2025-01-12,Meat,23,37,40,11,40
2025-01-12,Beverages,45,48,33,33,9
2025-01-12,Spices,28,29,41,12,42
2025-01-12,Grains,42,34,30,8,10
2025-01-13,Dairy,33,15,17,43,22
2025-01-13,Meat,16,15,33,45,50
2025-01-13,Beverages,34,28,36,49,34
2025-01-13,Spices,50,7,39,32,34
2025-01-13,Grains,42,23,30,33,39
2025-01-14,Dairy,38,30,46,5,23
2025-01-14,Meat,21,40,31,11,34
2025-01-14,Beverages,21,33,27,33,27
2025-01-14,Spices,29,14,37,46,14
2025-01-14,Grains,14,12,22,23,6
2025-01-15,Dairy,41,15,10,45,34
2025-01-15,Meat,44,37,38,21,32
2025-01-15,Beverages,22,25,42,19,38
2025-01-15,Spices,7,6,36,9,29
2025-01-15,Grains,30,22,15,7,16
2025-01-16,Dairy,16,19,32,48,24
2025-01-16,Meat,42,8,19,16,18
2025-01-16,Beverages,28,7,45,41,28
2025-01-16,Spices,43,16,48,42,7
2025-01-16,Grains,5,36,15,18,30
2025-01-17,Dairy,19,27,47,15,44
2025-01-17,Meat,6,24,35,14,11
2025-01-17,Beverages,16,49,25,6,47
2025-01-17,Spices,6,22,7,15,43
2025-01-17,Grains,39,50,10,31,8
2025-01-18,Dairy,12,19,47,44,38
2025-01-18,Meat,31,37,49,43,23
2025-01-18,Beverages,16,45,20,41,19
2025-01-18,Spices,41,23,38,15,25
2025-01-18,Grains,22,22,21,14,11
2025-01-19,Dairy,36,24,41,33,44
2025-01-19,Meat,49,15,32,26,33
2025-01-19,Beverages,30,36,16,11,22
2025-01-19,Spices,45,26,15,5,44
2025-01-19,Grains,44,41,9,7,9
2025-01-20,Dairy,7,47,32,42,12
2025-01-20,Meat,21,10,16,7,18
2025-01-20,Beverages,13,47,25,12,24
2025-01-20,Spices,27,30,14,48,50
2025-01-20,Grains,37,7,43,48,20
2025-01-21,Dairy,42,50,18,48,25
2025-01-21,Meat,18,40,40,36,17
2025-01-21,Beverages,46,49,28,48,5
2025-01-21,Spices,42,20,5,6,10
2025-01-21,Grains,9,6,5,18,36
2025-01-22,Dairy,21,5,42,11,38
2025-01-22,Meat,40,39,47,24,28
2025-01-22,Beverages,41,9,28,35,13
2025-01-22,Spices,48,46,5,26,26
2025-01-22,Grains,21,49,16,9,24
2025-01-23,Dairy,22,18,32,50,30
2025-01-23,Meat,23,44,37,12,16
2025-01-23,Beverages,20,34,30,44,16
2025-01-23,Spices,38,21,30,27,28
2025-01-23,Grains,34,10,36,48,13
2025-01-24,Dairy,15,32,27,23,48
2025-01-24,Meat,34,6,20,50,18
2025-01-24,Beverages,11,50,36,38,35
2025-01-24,Spices,42,11,11,49,11
2025-01-24,Grains,50,31,12,30,7
2025-01-25,Dairy,16,29,44,43,16
2025-01-25,Meat,29,27,9,26,5
2025-01-25,Beverages,33,30,24,8,41
2025-01-25,Spices,44,34,31,39,45
2025-01-25,Grains,12,7,25,45,24
2025-01-26,Dairy,15,31,20,17,26
2025-01-26,Meat,16,16,19,32,24
2025-01-26,Beverages,48,7,23,20,12
2025-01-26,Spices,41,11,35,27,15
2025-01-26,Grains,45,36,32,22,13
2025-01-27,Dairy,11,23,41,5,11
2025-01-27,Meat,10,25,14,20,39
2025-01-27,Beverages,48,47,8,41,28
2025-01-27,Spices,15,5,35,42,25
2025-01-27,Grains,27,35,47,37,36
2025-01-28,Dairy,35,36,28,15,5
2025-01-28,Meat,38,40,6,40,48
2025-01-28,Beverages,21,20,37,35,28
2025-01-28,Spices,44,18,14,39,12
2025-01-28,Grains,10,12,9,24,37
2025-01-29,Dairy,23,42,13,17,12
2025-01-29,Meat,32,32,27,32,11
2025-01-29,Beverages,33,17,41,30,24
2025-01-29,Spices,26,37,9,10,23
2025-01-29,Grains,20,29,14,47,27
2025-01-30,Dairy,34,29,28,14,50
2025-01-30,Meat,41,24,29,41,44
2025-01-30,Beverages,21,14,23,48,44
2025-01-30,Spices,16,46,17,16,28
2025-01-30,Grains,19,45,43,45,34
2025-01-31,Dairy,43,12,25,35,20
2025-01-31,Meat,33,16,17,25,11
2025-01-31,Beverages,8,38,27,26,12
2025-01-31,Spices,24,34,35,32,17
2025-01-31,Grains,22,49,37,39,21
2025-02-01,Dairy,40,48,16,29,37
2025-02-01,Meat,43,29,41,35,32
2025-02-01,Beverages,14,32,33,33,38
2025-02-01,Spices,6,35,47,34,25
2025-02-01,Grains,25,31,41,36,49
2025-02-02,Dairy,27,13,21,41,33
2025-02-02,Meat,43,33,14,43,10
2025-02-02,Beverages,23,35,15,5,35
2025-02-02,Spices,38,44,50,13,36
2025-02-02,Grains,44,9,39,49,33
2025-02-03,Dairy,26,23,31,40,31
2025-02-03,Meat,6,30,49,22,41
2025-02-03,Beverages,47,19,8,17,39
2025-02-03,Spices,50,25,50,39,30
2025-02-03,Grains,41,11,35,5,18
2025-02-04,Dairy,21,26,22,12,49
2025-02-04,Meat,14,22,33,19,16
2025-02-04,Beverages,35,43,14,43,10
2025-02-04,Spices,43,9,41,41,19
2025-02-04,Grains,20,35,8,11,14
2025-02-05,Dairy,31,10,46,35,8
2025-02-05,Meat,29,22,19,18,12
2025-02-05,Beverages,31,22,35,40,18
2025-02-05,Spices,17,17,49,37,32
2025-02-05,Grains,50,36,42,6,21
2025-02-06,Dairy,15,24,35,42,35
2025-02-06,Meat,17,39,7,42,30
2025-02-06,Beverages,12,25,10,11,36
2025-02-06,Spices,14,14,12,19,35
2025-02-06,Grains,31,34,42,33,16
2025-02-07,Dairy,25,41,48,33,45
2025-02-07,Meat,20,43,30,38,37
2025-02-07,Beverages,27,37,47,44,10
2025-02-07,Spices,26,33,47,17,22
2025-02-07,Grains,16,25,33,32,23
2025-02-08,Dairy,32,9,33,23,23
2025-02-08,Meat,18,30,49,48,26
2025-02-08,Beverages,17,26,23,26,13
2025-02-08,Spices,24,28,33,33,44
2025-02-08,Grains,23,44,19,45,9
2025-02-09,Dairy,11,35,32,46,43
2025-02-09,Meat,36,31,7,21,18
2025-02-09,Beverages,25,27,18,30,27
2025-02-09,Spices,31,20,14,16,8
2025-02-09,Grains,10,13,12,45,32
2025-02-10,Dairy,23,14,25,34,13
2025-02-10,Meat,8,24,45,9,50
2025-02-10,Beverages,22,34,29,19,36
2025-02-10,Spices,33,28,14,6,47
2025-02-10,Grains,20,8,26,36,39
2025-02-11,Dairy,23,12,25,6,14
2025-02-11,Meat,13,43,12,27,44
2025-02-11,Beverages,6,50,14,27,40
2025-02-11,Spices,9,46,23,34,24
2025-02-11,Grains,30,20,9,6,22
2025-02-12,Dairy,5,34,30,23,44
2025-02-12,Meat,22,42,28,50,35
2025-02-12,Beverages,17,40,22,46,37
2025-02-12,Spices,24,30,9,35,14
2025-02-12,Grains,24,26,42,47,18
2025-02-13,Dairy,31,23,45,47,14
2025-02-13,Meat,27,15,18,41,18
2025-02-13,Beverages,41,9,36,50,28
2025-02-13,Spices,46,16,28,20,43
2025-02-13,Grains,6,31,6,38,22
2025-02-14,Dairy,23,8,30,31,46
2025-02-14,Meat,43,7,29,34,17
2025-02-14,Beverages,23,43,30,5,18
2025-02-14,Spices,43,36,5,22,37
2025-02-14,Grains,29,22,48,5,42
2025-02-15,Dairy,26,9,41,40,36
2025-02-15,Meat,12,50,6,16,19
2025-02-15,Beverages,5,15,31,46,13
2025-02-15,Spices,40,27,16,35,24
2025-02-15,Grains,23,36,10,21,46
2025-02-16,Dairy,28,23,39,31,18
2025-02-16,Meat,42,19,31,17,35
2025-02-16,Beverages,41,43,27,16,9
2025-02-16,Spices,22,43,8,5,15
2025-02-16,Grains,14,34,5,46,43
2025-02-17,Dairy,31,25,47,22,40
2025-02-17,Meat,5,50,26,38,9
2025-02-17,Beverages,7,36,20,26,26
2025-02-17,Spices,12,8,16,40,23
2025-02-17,Grains,43,6,45,42,33
2025-02-18,Dairy,32,47,7,27,38
2025-02-18,Meat,22,17,13,37,47
2025-02-18,Beverages,6,9,10,49,17
2025-02-18,Spices,42,33,48,16,29
2025-02-18,Grains,45,36,17,39,32
2025-02-19,Dairy,7,14,22,38,28
2025-02-19,Meat,6,11,31,26,25
2025-02-19,Beverages,13,49,42,19,50
2025-02-19,Spices,33,12,20,28,5
2025-02-19,Grains,42,49,39,27,32
2025-02-20,Dairy,44,44,46,50,33
2025-02-20,Meat,29,48,44,50,8
2025-02-20,Beverages,45,19,39,22,12
2025-02-20,Spices,39,33,46,8,35
2025-02-20,Grains,13,9,7,31,35
2025-02-21,Dairy,17,30,5,18,36
2025-02-21,Meat,29,47,32,39,44
2025-02-21,Beverages,16,7,10,26,33
2025-02-21,Spices,18,44,36,37,50
2025-02-21,Grains,34,22,33,19,22
2025-02-22,Dairy,37,21,47,44,32
2025-02-22,Meat,50,8,13,26,48
2025-02-22,Beverages,46,38,6,29,18
2025-02-22,Spices,42,18,25,30,15
2025-02-22,Grains,43,22,49,33,33
2025-02-23,Dairy,30,38,18,46,30
2025-02-23,Meat,46,36,19,11,24
2025-02-23,Beverages,49,39,9,8,39
2025-02-23,Spices,42,12,49,44,22
2025-02-23,Grains,47,6,43,48,50
2025-02-24,Dairy,33,8,14,23,42
2025-02-24,Meat,38,18,6,11,5
2025-02-24,Beverages,22,21,6,14,17
2025-02-24,Spices,8,34,14,36,24
2025-02-24,Grains,8,5,32,29,13
2025-02-25,Dairy,31,48,5,9,19
2025-02-25,Meat,5,31,46,38,30
2025-02-25,Beverages,37,49,9,50,49
2025-02-25,Spices,45,33,43,20,45
2025-02-25,Grains,14,33,43,35,27
2025-02-26,Dairy,11,23,31,39,42
2025-02-26,Meat,28,34,10,47,24
2025-02-26,Beverages,8,5,12,47,5
2025-02-26,Spices,26,22,45,18,18
2025-02-26,Grains,8,44,26,14,30
2025-02-27,Dairy,32,31,48,25,7
2025-02-27,Meat,23,37,14,17,5
2025-02-27,Beverages,9,19,14,44,28
2025-02-27,Spices,38,13,44,32,15
2025-02-27,Grains,32,18,5,42,38
2025-02-28,Dairy,24,5,30,30,20
2025-02-28,Meat,6,50,18,29,49
2025-02-28,Beverages,43,40,19,30,6
2025-02-28,Spices,29,16,17,17,41
2025-02-28,Grains,47,44,44,11,14
2025-03-01,Dairy,36,41,12,16,9
2025-03-01,Meat,34,24,42,48,15
2025-03-01,Beverages,46,40,21,30,20
2025-03-01,Spices,47,22,29,12,28
2025-03-01,Grains,38,5,12,42,45
2025-03-02,Dairy,49,48,16,48,38
2025-03-02,Meat,32,14,20,50,12
2025-03-02,Beverages,35,16,26,28,47
2025-03-02,Spices,42,6,13,8,7
2025-03-02,Grains,35,21,44,23,15
2025-03-03,Dairy,42,28,47,38,48
2025-03-03,Meat,8,9,9,5,40
2025-03-03,Beverages,22,43,12,25,19
2025-03-03,Spices,8,28,23,37,40
2025-03-03,Grains,16,38,7,44,15
2025-03-04,Dairy,34,6,33,10,8
2025-03-04,Meat,32,25,30,35,41
2025-03-04,Beverages,50,33,35,17,47
2025-03-04,Spices,5,38,41,47,41
2025-03-04,Grains,23,28,38,7,23
2025-03-05,Dairy,29,34,7,34,42
2025-03-05,Meat,31,27,38,23,39
2025-03-05,Beverages,31,33,6,24,12
2025-03-05,Spices,22,8,36,28,30
2025-03-05,Grains,13,42,33,13,46
2025-03-06,Dairy,19,43,49,38,34
2025-03-06,Meat,41,9,6,12,43
2025-03-06,Beverages,42,19,17,11,35
2025-03-06,Spices,50,28,40,41,49
2025-03-06,Grains,42,39,30,35,23
2025-03-07,Dairy,28,31,33,28,28
2025-03-07,Meat,43,23,40,43,48
2025-03-07,Beverages,25,34,39,19,42
2025-03-07,Spices,17,22,48,26,39
2025-03-07,Grains,9,33,39,22,5
2025-03-08,Dairy,42,36,44,39,25
2025-03-08,Meat,36,42,43,36,34
2025-03-08,Beverages,7,28,16,17,14
2025-03-08,Spices,38,29,19,33,44
2025-03-08,Grains,21,16,41,21,6
2025-03-09,Dairy,17,50,50,19,22
2025-03-09,Meat,5,13,13,26,39
2025-03-09,Beverages,28,49,16,27,30
2025-03-09,Spices,34,16,47,37,48
2025-03-09,Grains,37,32,45,14,48
2025-03-10,Dairy,24,30,17,16,36
2025-03-10,Meat,23,40,47,6,36
2025-03-10,Beverages,29,29,31,23,45
2025-03-10,Spices,34,50,18,5,45
2025-03-10,Grains,15,14,46,17,27
2025-03-11,Dairy,39,46,40,27,49
2025-03-11,Meat,8,28,25,12,33
2025-03-11,Beverages,17,33,29,21,9
2025-03-11,Spices,5,20,14,41,10
2025-03-11,Grains,30,40,29,7,11
2025-03-12,Dairy,35,5,39,21,30
2025-03-12,Meat,27,36,8,41,50
2025-03-12,Beverages,36,39,49,20,8
2025-03-12,Spices,19,15,5,46,40
2025-03-12,Grains,13,30,46,29,34
2025-03-13,Dairy,8,8,25,48,33
2025-03-13,Meat,50,9,46,19,6
2025-03-13,Beverages,9,44,44,18,17
2025-03-13,Spices,36,13,49,50,27
2025-03-13,Grains,46,37,33,40,9
2025-03-14,Dairy,30,37,48,12,36
2025-03-14,Meat,29,8,16,45,38
2025-03-14,Beverages,24,30,35,46,30
2025-03-14,Spices,9,5,6,34,41
2025-03-14,Grains,41,12,35,38,25
2025-03-15,Dairy,40,33,26,36,22
2025-03-15,Meat,17,34,22,12,37
2025-03-15,Beverages,7,29,33,8,9
2025-03-15,Spices,10,32,19,35,28
2025-03-15,Grains,24,6,8,19,15
2025-03-16,Dairy,32,11,43,32,40
2025-03-16,Meat,22,10,34,42,24
2025-03-16,Beverages,50,24,21,29,35
2025-03-16,Spices,30,18,37,40,48
2025-03-16,Grains,29,5,37,27,44
2025-03-17,Dairy,15,41,49,38,38
2025-03-17,Meat,44,30,44,40,5
2025-03-17,Beverages,25,21,37,24,8
2025-03-17,Spices,24,9,25,20,17
2025-03-17,Grains,33,26,40,9,34
2025-03-18,Dairy,19,37,19,26,32
2025-03-18,Meat,47,23,48,35,7
2025-03-18,Beverages,34,47,13,23,8
2025-03-18,Spices,45,24,28,33,28
2025-03-18,Grains,18,28,36,7,33
2025-03-19,Dairy,20,39,38,47,48
2025-03-19,Meat,26,21,18,35,38
2025-03-19,Beverages,36,48,38,31,49
2025-03-19,Spices,35,33,30,12,42
2025-03-19,Grains,40,11,28,18,28
2025-03-20,Dairy,22,23,45,15,36
2025-03-20,Meat,41,43,25,35,6
2025-03-20,Beverages,24,19,25,25,5
2025-03-20,Spices,36,25,16,11,48
2025-03-20,Grains,46,32,34,28,37
2025-03-21,Dairy,41,31,46,11,6
2025-03-21,Meat,40,35,44,42,42
2025-03-21,Beverages,26,29,39,31,42
2025-03-21,Spices,34,39,19,23,47
2025-03-21,Grains,43,16,11,42,19
2025-03-22,Dairy,24,38,33,49,21
2025-03-22,Meat,33,16,48,36,43
2025-03-22,Beverages,7,25,5,25,11
2025-03-22,Spices,8,11,36,47,43
2025-03-22,Grains,44,13,33,14,25
2025-03-23,Dairy,26,21,28,24,48
2025-03-23,Meat,13,30,22,15,38
2025-03-23,Beverages,41,25,15,9,50
2025-03-23,Spices,18,30,9,11,36
2025-03-23,Grains,20,39,40,39,13
2025-03-24,Dairy,41,48,7,47,23
2025-03-24,Meat,36,33,33,12,18
2025-03-24,Beverages,22,19,5,50,34
2025-03-24,Spices,14,50,43,9,41
2025-03-24,Grains,21,10,37,44,27
2025-03-25,Dairy,28,46,33,41,37
2025-03-25,Meat,27,22,40,21,47
2025-03-25,Beverages,15,8,14,20,20
2025-03-25,Spices,37,34,46,36,21
2025-03-25,Grains,21,22,24,27,27
2025-03-26,Dairy,34,16,44,25,12
2025-03-26,Meat,32,46,42,30,40
2025-03-26,Beverages,40,46,7,26,26
2025-03-26,Spices,12,31,22,46,22
2025-03-26,Grains,15,12,23,25,49
2025-03-27,Dairy,22,49,35,34,50
2025-03-27,Meat,32,35,42,16,12
2025-03-27,Beverages,28,24,15,8,31
2025-03-27,Spices,39,22,5,31,13
2025-03-27,Grains,41,10,18,36,40
2025-03-28,Dairy,8,47,33,43,41
2025-03-28,Meat,12,28,10,16,23
2025-03-28,Beverages,48,28,40,30,28
2025-03-28,Spices,21,42,6,45,5
2025-03-28,Grains,9,41,30,18,17
2025-03-29,Dairy,36,49,8,27,18
2025-03-29,Meat,23,48,11,19,10
2025-03-29,Beverages,34,19,40,13,35
2025-03-29,Spices,10,35,20,16,26
2025-03-29,Grains,47,11,12,48,39
2025-03-30,Dairy,42,24,24,36,39
2025-03-30,Meat,48,49,28,24,29
2025-03-30,Beverages,24,29,9,46,13
2025-03-30,Spices,50,45,9,33,39
2025-03-30,Grains,14,18,5,11,34
2025-03-31,Dairy,36,22,27,49,32
2025-03-31,Meat,50,36,8,39,35
2025-03-31,Beverages,38,29,35,28,14
2025-03-31,Spices,14,27,26,8,43
2025-03-31,Grains,24,28,18,17,24
2025-04-01,Dairy,49,42,43,49,11
2025-04-01,Meat,32,31,13,7,49
2025-04-01,Beverages,13,28,10,13,5
2025-04-01,Spices,18,17,44,20,31
2025-04-01,Grains,31,15,22,28,44
2025-04-02,Dairy,46,23,14,11,46
2025-04-02,Meat,50,26,10,30,29
2025-04-02,Beverages,50,35,27,30,14
2025-04-02,Spices,8,34,6,49,7
2025-04-02,Grains,46,9,46,17,29
2025-04-03,Dairy,17,19,7,26,13
2025-04-03,Meat,32,42,31,28,47
2025-04-03,Beverages,40,21,35,47,47
2025-04-03,Spices,42,27,37,34,23
2025-04-03,Grains,6,18,44,18,42
2025-04-04,Dairy,50,28,21,19,16
2025-04-04,Meat,50,49,24,42,28
2025-04-04,Beverages,23,42,50,13,40
2025-04-04,Spices,26,45,41,23,6
2025-04-04,Grains,44,28,24,25,41
2025-04-05,Dairy,38,42,28,23,19
2025-04-05,Meat,21,44,26,10,37
2025-04-05,Beverages,36,43,25,38,31
2025-04-05,Spices,21,26,23,34,22
2025-04-05,Grains,50,18,22,35,19
2025-04-06,Dairy,43,28,17,14,40
2025-04-06,Meat,26,38,20,42,48
2025-04-06,Beverages,19,19,28,33,12
2025-04-06,Spices,39,42,44,45,34
2025-04-06,Grains,24,20,20,14,31
2025-04-07,Dairy,48,17,16,11,5
2025-04-07,Meat,7,36,32,6,15
2025-04-07,Beverages,10,39,14,12,43
2025-04-07,Spices,48,28,16,29,33
2025-04-07,Grains,34,28,44,29,17
2025-04-08,Dairy,38,28,23,37,49
2025-04-08,Meat,15,14,18,19,28
2025-04-08,Beverages,42,24,25,34,12
2025-04-08,Spices,27,37,8,11,22
2025-04-08,Grains,22,33,25,24,10
2025-04-09,Dairy,33,36,7,33,13
2025-04-09,Meat,9,34,10,46,26
2025-04-09,Beverages,29,37,12,47,44
2025-04-09,Spices,5,33,44,46,11
2025-04-09,Grains,39,32,9,34,33
2025-04-10,Dairy,23,12,48,42,19
2025-04-10,Meat,20,44,45,14,46
2025-04-10,Beverages,50,20,16,36,29
2025-04-10,Spices,21,16,6,36,32
2025-04-10,Grains,33,37,31,5,50
2025-04-11,Dairy,37,23,45,26,6
2025-04-11,Meat,24,43,11,29,9
2025-04-11,Beverages,11,45,14,7,47
2025-04-11,Spices,35,10,46,18,35
2025-04-11,Grains,13,14,29,14,32
2025-04-12,Dairy,11,29,49,28,25
2025-04-12,Meat,32,30,34,6,17
2025-04-12,Beverages,46,24,36,11,49
2025-04-12,Spices,50,50,22,27,21
2025-04-12,Grains,32,45,31,21,25
2025-04-13,Dairy,37,50,27,44,23
2025-04-13,Meat,11,12,38,25,30
2025-04-13,Beverages,11,34,36,34,50
2025-04-13,Spices,16,14,24,36,16
2025-04-13,Grains,40,29,27,19,28
2025-04-14,Dairy,49,22,39,35,33
2025-04-14,Meat,31,28,49,20,20
2025-04-14,Beverages,44,14,48,9,47
2025-04-14,Spices,10,38,36,48,41
2025-04-14,Grains,44,38,6,37,12
2025-04-15,Dairy,20,26,47,18,12
2025-04-15,Meat,37,23,34,38,38
2025-04-15,Beverages,33,26,27,41,40
2025-04-15,Spices,20,37,18,35,23
2025-04-15,Grains,7,25,26,29,22
2025-04-16,Dairy,13,22,30,7,49
2025-04-16,Meat,19,37,31,22,41
2025-04-16,Beverages,16,31,23,35,46
2025-04-16,Spices,49,32,39,18,48
2025-04-16,Grains,19,41,41,19,10
2025-04-17,Dairy,29,43,16,30,48
2025-04-17,Meat,48,18,12,10,17
2025-04-17,Beverages,36,17,12,40,46
2025-04-17,Spices,26,15,18,30,36
2025-04-17,Grains,45,44,28,27,33
2025-04-18,Dairy,13,14,22,20,32
2025-04-18,Meat,34,29,44,34,31
2025-04-18,Beverages,50,13,26,34,9
2025-04-18,Spices,12,6,42,37,37
2025-04-18,Grains,24,30,42,14,36
2025-04-19,Dairy,19,11,49,28,39
2025-04-19,Meat,25,8,29,10,6
2025-04-19,Beverages,48,10,15,31,21
2025-04-19,Spices,39,36,30,5,26
2025-04-19,Grains,39,6,44,23,47
2025-04-20,Dairy,29,34,42,30,38
2025-04-20,Meat,30,30,21,22,48
2025-04-20,Beverages,49,43,26,47,16
2025-04-20,Spices,5,30,38,32,48
2025-04-20,Grains,18,15,12,49,39
2025-04-21,Dairy,19,15,18,31,46
2025-04-21,Meat,8,9,8,39,12
2025-04-21,Beverages,28,48,18,40,5
2025-04-21,Spices,9,32,39,7,22
2025-04-21,Grains,35,48,22,7,12
2025-04-22,Dairy,14,23,12,20,50
2025-04-22,Meat,13,8,35,49,45
2025-04-22,Beverages,43,50,29,18,50
2025-04-22,Spices,45,39,27,8,11
2025-04-22,Grains,43,43,6,50,22
2025-04-23,Dairy,43,46,20,40,32
2025-04-23,Meat,45,11,49,44,45
2025-04-23,Beverages,42,34,12,25,20
2025-04-23,Spices,32,40,10,27,34
2025-04-23,Grains,21,18,20,34,40
2025-04-24,Dairy,29,45,49,23,20
2025-04-24,Meat,10,46,8,38,34
2025-04-24,Beverages,8,13,21,48,35
2025-04-24,Spices,7,29,32,11,48
2025-04-24,Grains,50,48,12,11,9
2025-04-25,Dairy,28,31,21,27,26
2025-04-25,Meat,40,34,12,29,43
2025-04-25,Beverages,39,30,28,13,9
2025-04-25,Spices,46,11,34,37,27
2025-04-25,Grains,23,33,8,13,40
2025-04-26,Dairy,15,48,18,21,38
2025-04-26,Meat,9,27,42,25,29
2025-04-26,Beverages,30,10,39,45,44
2025-04-26,Spices,15,37,17,17,45
2025-04-26,Grains,9,14,23,21,11
2025-04-27,Dairy,13,48,6,11,39
2025-04-27,Meat,50,26,15,19,34
2025-04-27,Beverages,50,15,44,13,34
2025-04-27,Spices,30,27,19,17,29
2025-04-27,Grains,39,40,16,22,25
2025-04-28,Dairy,46,6,14,44,10
2025-04-28,Meat,5,12,23,13,9
2025-04-28,Beverages,35,48,31,39,14
2025-04-28,Spices,25,36,16,6,38
2025-04-28,Grains,43,45,31,40,13
2025-04-29,Dairy,48,11,48,41,18
2025-04-29,Meat,25,7,12,48,48
2025-04-29,Beverages,19,27,18,35,20
2025-04-29,Spices,16,36,43,35,30
2025-04-29,Grains,42,9,10,41,11
2025-04-30,Dairy,30,13,12,31,19
2025-04-30,Meat,15,21,25,33,17
2025-04-30,Beverages,43,31,46,49,36
2025-04-30,Spices,22,31,13,14,14
2025-04-30,Grains,20,33,36,23,17
2025-05-01,Dairy,23,11,17,40,46
2025-05-01,Meat,6,40,18,23,44
2025-05-01,Beverages,17,39,36,22,5
2025-05-01,Spices,13,43,16,49,34
2025-05-01,Grains,23,42,47,46,11
2025-05-02,Dairy,48,14,21,42,6
2025-05-02,Meat,5,15,11,44,28
2025-05-02,Beverages,40,32,22,16,11
2025-05-02,Spices,43,28,40,45,13
2025-05-02,Grains,21,45,26,18,34
2025-05-03,Dairy,29,35,45,33,8
2025-05-03,Meat,16,6,40,47,41
2025-05-03,Beverages,14,41,22,40,6
2025-05-03,Spices,9,32,29,35,29
2025-05-03,Grains,12,21,20,8,8
2025-05-04,Dairy,9,34,47,37,30
2025-05-04,Meat,17,47,7,13,12
2025-05-04,Beverages,16,9,8,25,40
2025-05-04,Spices,41,40,26,40,8
2025-05-04,Grains,44,7,18,22,33
2025-05-05,Dairy,11,19,19,12,49
2025-05-05,Meat,9,33,43,48,28
2025-05-05,Beverages,21,13,10,5,23
2025-05-05,Spices,6,28,7,50,27
2025-05-05,Grains,22,44,21,28,8
2025-05-06,Dairy,12,23,33,27,48
2025-05-06,Meat,48,48,21,35,34
2025-05-06,Beverages,48,38,21,28,38
2025-05-06,Spices,31,39,8,7,9
2025-05-06,Grains,14,27,49,39,11
2025-05-07,Dairy,17,35,14,16,36
2025-05-07,Meat,47,19,42,19,47
2025-05-07,Beverages,31,18,41,6,27
2025-05-07,Spices,8,19,46,13,7
2025-05-07,Grains,14,50,28,33,33
2025-05-08,Dairy,33,18,7,17,38
2025-05-08,Meat,41,14,44,48,41
2025-05-08,Beverages,35,6,17,20,10
2025-05-08,Spices,16,19,31,16,17
2025-05-08,Grains,39,32,42,12,24
2025-05-09,Dairy,15,10,24,30,23
2025-05-09,Meat,47,18,28,15,16
2025-05-09,Beverages,27,37,6,19,30
2025-05-09,Spices,33,28,6,13,49
2025-05-09,Grains,44,26,50,28,34
2025-05-10,Dairy,47,27,11,38,48
2025-05-10,Meat,8,23,21,20,30
2025-05-10,Beverages,26,39,49,32,49
2025-05-10,Spices,32,32,23,6,21
2025-05-10,Grains,13,24,39,22,41
2025-05-11,Dairy,46,22,9,11,31
2025-05-11,Meat,24,21,13,43,21
2025-05-11,Beverages,34,9,25,21,26
2025-05-11,Spices,43,27,47,19,38
2025-05-11,Grains,18,47,47,22,17
2025-05-12,Dairy,28,23,33,37,38
2025-05-12,Meat,49,34,18,5,5
2025-05-12,Beverages,44,48,18,35,9
2025-05-12,Spices,19,45,13,33,8
2025-05-12,Grains,15,36,33,36,46
2025-05-13,Dairy,28,20,19,8,36
2025-05-13,Meat,45,21,16,29,30
2025-05-13,Beverages,28,45,34,25,30
2025-05-13,Spices,32,16,42,45,19
2025-05-13,Grains,38,11,19,13,9
2025-05-14,Dairy,38,41,32,35,20
2025-05-14,Meat,38,7,38,35,44
2025-05-14,Beverages,27,13,5,33,12
2025-05-14,Spices,26,15,10,26,15
2025-05-14,Grains,22,48,6,50,11
2025-05-15,Dairy,46,14,12,10,34
2025-05-15,Meat,29,46,8,48,48
2025-05-15,Beverages,43,38,41,41,13
2025-05-15,Spices,36,37,24,7,10
2025-05-15,Grains,27,20,31,24,34
2025-05-16,Dairy,48,19,5,12,30
2025-05-16,Meat,8,9,31,26,43
2025-05-16,Beverages,31,42,35,17,45
2025-05-16,Spices,5,18,6,37,24
2025-05-16,Grains,14,38,15,29,11
2025-05-17,Dairy,24,35,32,12,50
2025-05-17,Meat,14,5,49,45,34
2025-05-17,Beverages,38,21,31,12,34
2025-05-17,Spices,29,8,11,48,5
2025-05-17,Grains,45,36,7,35,19
2025-05-18,Dairy,21,44,24,48,34
2025-05-18,Meat,5,28,6,10,15
2025-05-18,Beverages,48,22,13,47,31
2025-05-18,Spices,22,5,34,13,7
2025-05-18,Grains,45,17,46,47,28
2025-05-19,Dairy,10,10,19,19,29
2025-05-19,Meat,9,31,40,9,45
2025-05-19,Beverages,45,16,24,41,41
2025-05-19,Spices,31,41,17,44,44
2025-05-19,Grains,32,37,8,6,37
2025-05-20,Dairy,11,14,23,14,41
2025-05-20,Meat,22,30,27,5,31
2025-05-20,Beverages,16,33,33,38,25
2025-05-20,Spices,19,24,43,14,9
2025-05-20,Grains,41,14,24,32,19
2025-05-21,Dairy,24,11,33,39,42
2025-05-21,Meat,21,29,50,9,20
2025-05-21,Beverages,44,25,34,11,44
2025-05-21,Spices,35,23,42,41,47
2025-05-21,Grains,6,27,38,5,23
2025-05-22,Dairy,28,42,42,14,11
2025-05-22,Meat,50,22,37,36,43
2025-05-22,Beverages,39,21,41,31,48
2025-05-22,Spices,5,25,23,12,14
2025-05-22,Grains,17,35,39,17,36
2025-05-23,Dairy,10,29,10,12,26
2025-05-23,Meat,50,50,43,19,36
2025-05-23,Beverages,13,21,27,43,41
2025-05-23,Spices,17,12,7,21,21
2025-05-23,Grains,22,17,32,26,29
2025-05-24,Dairy,35,7,49,17,10
2025-05-24,Meat,30,31,18,14,39
2025-05-24,Beverages,44,39,25,39,31
2025-05-24,Spices,23,48,36,16,49
2025-05-24,Grains,28,25,27,17,38
2025-05-25,Dairy,49,13,24,21,34
2025-05-25,Meat,8,35,31,15,15
2025-05-25,Beverages,35,34,35,17,26
2025-05-25,Spices,18,46,12,22,5
2025-05-25,Grains,43,23,17,22,27
2025-05-26,Dairy,20,5,33,24,39
2025-05-26,Meat,8,36,48,44,18
2025-05-26,Beverages,25,28,44,48,25
2025-05-26,Spices,24,26,48,44,17
2025-05-26,Grains,46,50,21,5,28
2025-05-27,Dairy,26,50,11,11,44
2025-05-27,Meat,31,25,41,17,47
2025-05-27,Beverages,7,6,42,43,36
2025-05-27,Spices,26,35,27,42,41
2025-05-27,Grains,49,31,31,15,33
2025-05-28,Dairy,22,33,23,14,45
2025-05-28,Meat,33,50,23,31,21
2025-05-28,Beverages,21,46,49,23,46
2025-05-28,Spices,16,19,12,43,5
2025-05-28,Grains,47,10,50,26,38
2025-05-29,Dairy,40,40,35,14,41
2025-05-29,Meat,13,11,5,42,25
2025-05-29,Beverages,12,45,24,12,43
2025-05-29,Spices,15,18,48,12,8
2025-05-29,Grains,19,36,15,7,43
2025-05-30,Dairy,41,37,12,12,27
2025-05-30,Meat,43,27,49,50,36
2025-05-30,Beverages,49,21,37,31,39
2025-05-30,Spices,12,28,26,45,20
2025-05-30,Grains,5,27,9,19,46
2025-05-31,Dairy,22,5,21,22,38
2025-05-31,Meat,36,50,50,34,18
2025-05-31,Beverages,49,7,25,37,7
2025-05-31,Spices,30,25,43,50,17
2025-05-31,Grains,31,43,42,28,40
2025-06-01,Dairy,11,21,45,46,46
2025-06-01,Meat,8,19,24,19,32
2025-06-01,Beverages,9,49,34,9,23
2025-06-01,Spices,17,35,24,46,40
2025-06-01,Grains,29,9,15,11,23
2025-06-02,Dairy,29,10,13,32,5
2025-06-02,Meat,26,35,13,11,44
2025-06-02,Beverages,5,41,24,23,16
2025-06-02,Spices,7,37,26,35,23
2025-06-02,Grains,27,26,30,25,18
2025-06-03,Dairy,38,31,17,30,50
2025-06-03,Meat,46,40,10,22,33
2025-06-03,Beverages,39,12,48,22,34
2025-06-03,Spices,47,16,19,33,26
2025-06-03,Grains,18,44,29,40,46
2025-06-04,Dairy,7,33,23,49,44
2025-06-04,Meat,24,13,5,45,29
2025-06-04,Beverages,50,45,31,45,37
2025-06-04,Spices,40,10,15,7,34
2025-06-04,Grains,5,42,15,41,42
2025-06-05,Dairy,50,32,19,36,25
2025-06-05,Meat,29,23,21,11,24
2025-06-05,Beverages,26,15,19,28,17
2025-06-05,Spices,46,50,34,35,24
2025-06-05,Grains,42,29,10,21,38
2025-06-06,Dairy,48,48,7,22,10
2025-06-06,Meat,35,10,31,44,41
2025-06-06,Beverages,13,23,5,24,50
2025-06-06,Spices,11,6,7,5,28
2025-06-06,Grains,30,23,50,8,6
2025-06-07,Dairy,33,45,11,22,7
2025-06-07,Meat,35,25,28,16,20
2025-06-07,Beverages,5,23,15,50,38
2025-06-07,Spices,34,33,38,38,46
2025-06-07,Grains,18,15,48,29,18
2025-06-08,Dairy,10,17,26,46,35
2025-06-08,Meat,17,49,41,29,11
2025-06-08,Beverages,34,14,40,46,20
2025-06-08,Spices,16,7,14,10,44
2025-06-08,Grains,50,24,15,26,39
2025-06-09,Dairy,24,9,17,13,49
2025-06-09,Meat,39,48,8,14,16
2025-06-09,Beverages,18,24,14,35,7
2025-06-09,Spices,22,36,36,49,46
2025-06-09,Grains,36,19,33,5,22
2025-06-10,Dairy,6,37,43,39,28
2025-06-10,Meat,27,15,35,18,23
2025-06-10,Beverages,50,37,36,32,32
2025-06-10,Spices,7,24,18,45,48
2025-06-10,Grains,18,25,25,24,30
2025-06-11,Dairy,23,38,22,30,9
2025-06-11,Meat,8,10,26,21,23
2025-06-11,Beverages,18,8,8,40,32
2025-06-11,Spices,26,33,49,39,36
2025-06-11,Grains,21,26,22,18,50
2025-06-12,Dairy,16,17,38,42,21
2025-06-12,Meat,18,44,34,17,12
2025-06-12,Beverages,14,36,16,29,17
2025-06-12,Spices,35,10,10,6,34
2025-06-12,Grains,32,37,34,39,11
2025-06-13,Dairy,39,30,6,22,46
2025-06-13,Meat,47,10,27,28,29
2025-06-13,Beverages,9,38,6,26,9
2025-06-13,Spices,46,48,39,29,48
2025-06-13,Grains,48,14,35,36,34
2025-06-14,Dairy,28,18,49,34,31
2025-06-14,Meat,37,20,42,44,50
2025-06-14,Beverages,17,17,40,35,20
2025-06-14,Spices,40,16,29,30,14
2025-06-14,Grains,9,20,12,40,38
2025-06-15,Dairy,14,9,41,44,17
2025-06-15,Meat,27,14,14,8,48
2025-06-15,Beverages,32,27,34,50,40
2025-06-15,Spices,50,7,25,13,11
2025-06-15,Grains,45,40,19,33,13
2025-06-16,Dairy,16,49,11,36,49
2025-06-16,Meat,46,22,44,36,47
2025-06-16,Beverages,9,45,50,19,34
2025-06-16,Spices,34,8,24,8,44
2025-06-16,Grains,15,33,14,46,19
2025-06-17,Dairy,19,50,50,7,9
2025-06-17,Meat,29,16,35,50,44
2025-06-17,Beverages,45,38,5,24,49
2025-06-17,Spices,25,39,24,37,33
2025-06-17,Grains,27,43,10,17,7
2025-06-18,Dairy,5,22,17,30,39
2025-06-18,Meat,26,45,37,36,46
2025-06-18,Beverages,41,35,23,9,8
2025-06-18,Spices,26,15,50,49,12
2025-06-18,Grains,47,10,45,17,13
2025-06-19,Dairy,24,11,7,45,46
2025-06-19,Meat,46,35,18,21,14
2025-06-19,Beverages,50,50,27,7,44
2025-06-19,Spices,47,48,6,49,23
2025-06-19,Grains,43,50,38,36,8
2025-06-20,Dairy,6,36,46,12,47
2025-06-20,Meat,33,33,23,45,18
2025-06-20,Beverages,43,14,9,40,38
2025-06-20,Spices,49,26,24,23,42
2025-06-20,Grains,8,31,21,33,39
2025-06-21,Dairy,32,36,50,38,48
2025-06-21,Meat,7,29,10,8,11
2025-06-21,Beverages,7,26,40,12,33
2025-06-21,Spices,36,36,40,30,13
2025-06-21,Grains,26,50,46,39,9
2025-06-22,Dairy,25,15,21,15,24
2025-06-22,Meat,10,9,17,47,47
2025-06-22,Beverages,32,32,49,19,42
2025-06-22,Spices,29,38,34,35,9
2025-06-22,Grains,14,21,40,41,25
2025-06-23,Dairy,13,40,15,42,48
2025-06-23,Meat,33,34,39,9,43
2025-06-23,Beverages,49,17,33,42,47
2025-06-23,Spices,12,31,6,21,10
2025-06-23,Grains,41,8,33,9,17
2025-06-24,Dairy,32,48,35,44,27
2025-06-24,Meat,35,44,36,46,44
2025-06-24,Beverages,25,49,8,48,14
2025-06-24,Spices,8,27,48,43,34
2025-06-24,Grains,17,35,31,13,11
2025-06-25,Dairy,25,33,29,38,45
2025-06-25,Meat,49,37,45,46,38
2025-06-25,Beverages,16,19,33,46,16
2025-06-25,Spices,39,35,35,7,10
2025-06-25,Grains,31,38,23,18,30
2025-06-26,Dairy,30,24,26,48,15
2025-06-26,Meat,48,12,42,20,34
2025-06-26,Beverages,28,15,19,9,20
2025-06-26,Spices,41,31,21,28,18
2025-06-26,Grains,28,24,36,23,18
2025-06-27,Dairy,46,15,34,7,5
2025-06-27,Meat,46,28,39,44,15
2025-06-27,Beverages,26,49,38,39,5
2025-06-27,Spices,44,43,39,41,36
2025-06-27,Grains,5,20,34,7,26
2025-06-28,Dairy,23,44,35,47,6
2025-06-28,Meat,28,44,10,31,7
2025-06-28,Beverages,21,37,14,15,10
2025-06-28,Spices,40,15,33,50,41
2025-06-28,Grains,42,47,24,32,15
2025-06-29,Dairy,45,26,22,8,24
2025-06-29,Meat,19,5,25,32,46
2025-06-29,Beverages,13,35,7,42,17
2025-06-29,Spices,34,40,16,17,19
2025-06-29,Grains,47,12,19,14,21
2025-06-30,Dairy,43,26,43,50,40
2025-06-30,Meat,22,26,45,31,43
2025-06-30,Beverages,49,48,45,26,43
2025-06-30,Spices,24,41,8,50,31
2025-06-30,Grains,20,19,8,8,28
2025-07-01,Dairy,23,39,46,42,12
2025-07-01,Meat,44,45,35,5,46
2025-07-01,Beverages,7,41,43,13,44
2025-07-01,Spices,24,41,30,36,24
2025-07-01,Grains,22,6,40,10,36
2025-07-02,Dairy,30,47,42,26,49
2025-07-02,Meat,26,10,16,39,31
2025-07-02,Beverages,8,30,36,40,16
2025-07-02,Spices,29,29,16,27,26
2025-07-02,Grains,40,33,12,40,29
2025-07-03,Dairy,25,31,27,8,41
2025-07-03,Meat,31,8,10,49,50
2025-07-03,Beverages,11,33,22,48,7
2025-07-03,Spices,33,26,20,27,40
2025-07-03,Grains,16,38,17,23,27
2025-07-04,Dairy,39,48,38,50,39
2025-07-04,Meat,25,42,19,37,20
2025-07-04,Beverages,35,16,7,18,22
2025-07-04,Spices,47,48,50,38,46
2025-07-04,Grains,47,5,15,6,21
2025-07-05,Dairy,47,21,19,26,23
2025-07-05,Meat,9,38,13,13,43
2025-07-05,Beverages,24,40,21,36,35
2025-07-05,Spices,48,17,34,8,17
2025-07-05,Grains,17,28,23,36,24
2025-07-06,Dairy,49,26,33,43,38
2025-07-06,Meat,13,8,11,39,23
2025-07-06,Beverages,27,45,35,10,9
2025-07-06,Spices,38,32,5,46,29
2025-07-06,Grains,47,48,35,25,17
2025-07-07,Dairy,15,20,11,43,7
2025-07-07,Meat,48,11,46,49,19
2025-07-07,Beverages,10,30,50,48,10
2025-07-07,Spices,27,47,49,40,26
2025-07-07,Grains,44,41,10,22,50
2025-07-08,Dairy,45,27,32,14,46
2025-07-08,Meat,11,11,35,32,47
2025-07-08,Beverages,35,20,47,22,23
2025-07-08,Spices,24,10,30,49,30
2025-07-08,Grains,38,13,7,22,33
2025-07-09,Dairy,16,12,13,46,40
2025-07-09,Meat,29,36,9,18,10
2025-07-09,Beverages,35,14,17,15,41
2025-07-09,Spices,12,47,41,16,42
2025-07-09,Grains,41,24,49,44,27
2025-07-10,Dairy,31,38,15,23,47
2025-07-10,Meat,23,19,18,28,7
2025-07-10,Beverages,44,47,49,18,24
2025-07-10,Spices,40,10,42,44,29
2025-07-10,Grains,28,20,14,45,20
2025-07-11,Dairy,24,31,32,46,11
2025-07-11,Meat,44,34,26,36,48
2025-07-11,Beverages,23,46,22,16,48
2025-07-11,Spices,11,50,32,33,37
2025-07-11,Grains,31,47,36,43,9
2025-07-12,Dairy,40,32,40,48,49
2025-07-12,Meat,16,21,20,32,37
2025-07-12,Beverages,49,44,19,7,18
2025-07-12,Spices,46,45,21,8,35
2025-07-12,Grains,16,34,34,29,22
2025-07-13,Dairy,14,35,49,22,15
2025-07-13,Meat,47,35,7,46,41
2025-07-13,Beverages,25,21,50,24,14
2025-07-13,Spices,17,15,9,27,34
2025-07-13,Grains,24,10,20,31,46
2025-07-14,Dairy,21,6,30,5,47
2025-07-14,Meat,30,44,41,8,25
2025-07-14,Beverages,27,15,42,31,38
2025-07-14,Spices,37,49,10,45,21
2025-07-14,Grains,17,36,25,35,41
2025-07-15,Dairy,50,23,13,20,45
2025-07-15,Meat,9,18,9,44,23
2025-07-15,Beverages,33,12,12,40,19
2025-07-15,Spices,23,44,32,7,40
2025-07-15,Grains,20,17,10,7,37
2025-07-16,Dairy,7,33,26,39,41
2025-07-16,Meat,25,28,29,20,6
2025-07-16,Beverages,13,12,35,10,39
2025-07-16,Spices,41,26,25,43,12
2025-07-16,Grains,29,45,33,12,17
2025-07-17,Dairy,21,29,12,45,6
2025-07-17,Meat,31,7,20,11,39
2025-07-17,Beverages,28,34,5,12,36
2025-07-17,Spices,43,17,22,20,40
2025-07-17,Grains,28,24,14,28,9
2025-07-18,Dairy,20,23,47,5,48
2025-07-18,Meat,50,11,43,23,8
2025-07-18,Beverages,33,17,35,9,36
2025-07-18,Spices,10,45,6,16,41
2025-07-18,Grains,17,45,33,40,12
2025-07-19,Dairy,40,22,24,41,9
2025-07-19,Meat,14,42,31,17,46
2025-07-19,Beverages,28,12,49,19,34
2025-07-19,Spices,9,11,13,26,35
2025-07-19,Grains,28,39,40,27,48
2025-07-20,Dairy,14,17,15,30,37
2025-07-20,Meat,35,23,17,14,44
2025-07-20,Beverages,19,28,14,15,5
2025-07-20,Spices,12,13,7,31,49
2025-07-20,Grains,20,21,33,29,18
2025-07-21,Dairy,13,46,6,13,35
2025-07-21,Meat,41,9,35,35,22
2025-07-21,Beverages,45,44,43,28,33
2025-07-21,Spices,12,32,26,18,5
2025-07-21,Grains,16,49,23,24,31
2025-07-22,Dairy,21,6,25,6,24
2025-07-22,Meat,34,28,32,49,38
2025-07-22,Beverages,34,14,10,27,17
2025-07-22,Spices,5,11,48,49,32
2025-07-22,Grains,47,29,46,50,16
2025-07-23,Dairy,48,15,29,34,31
2025-07-23,Meat,34,13,30,32,15
2025-07-23,Beverages,37,28,34,34,39
2025-07-23,Spices,28,14,25,7,22
2025-07-23,Grains,22,22,27,29,25
2025-07-24,Dairy,35,43,37,37,44
2025-07-24,Meat,48,45,33,14,26
2025-07-24,Beverages,12,48,10,15,28
2025-07-24,Spices,20,24,6,46,25
2025-07-24,Grains,20,31,44,13,15
2025-07-25,Dairy,9,29,21,46,37
2025-07-25,Meat,6,48,23,26,25
2025-07-25,Beverages,22,6,7,17,25
2025-07-25,Spices,5,9,17,27,42
2025-07-25,Grains,15,44,32,10,31
2025-07-26,Dairy,9,13,13,38,35
2025-07-26,Meat,41,11,21,34,6
2025-07-26,Beverages,39,8,33,24,28
2025-07-26,Spices,16,14,44,47,32
2025-07-26,Grains,43,37,34,18,5
2025-07-27,Dairy,5,39,28,11,15
2025-07-27,Meat,45,34,17,8,40
2025-07-27,Beverages,44,7,26,5,38
2025-07-27,Spices,41,37,15,34,28
2025-07-27,Grains,18,28,12,46,8
2025-07-28,Dairy,40,27,13,28,25
2025-07-28,Meat,32,10,36,24,6
2025-07-28,Beverages,11,12,27,24,33
2025-07-28,Spices,14,32,16,12,30
2025-07-28,Grains,22,19,16,36,13
2025-07-29,Dairy,10,39,25,33,32
2025-07-29,Meat,9,41,46,15,13
2025-07-29,Beverages,27,24,6,7,42
2025-07-29,Spices,38,14,14,9,22
2025-07-29,Grains,37,30,36,39,20
2025-07-30,Dairy,14,21,7,25,43
2025-07-30,Meat,43,21,47,23,29
2025-07-30,Beverages,24,16,10,27,44
2025-07-30,Spices,48,10,49,22,30
2025-07-30,Grains,21,48,40,27,31
2025-07-31,Dairy,48,48,35,42,34
2025-07-31,Meat,38,13,36,8,50
2025-07-31,Beverages,16,23,16,11,18
2025-07-31,Spices,36,13,12,9,17
2025-07-31,Grains,27,19,29,24,29
2025-08-01,Dairy,42,35,16,42,38
2025-08-01,Meat,24,44,49,50,46
2025-08-01,Beverages,40,43,27,9,8
2025-08-01,Spices,41,38,28,36,20
2025-08-01,Grains,48,45,40,25,5
2025-08-02,Dairy,16,14,21,20,20
2025-08-02,Meat,47,9,30,47,15
2025-08-02,Beverages,16,11,25,39,39
2025-08-02,Spices,47,15,26,38,8
2025-08-02,Grains,46,13,12,18,34
2025-08-03,Dairy,44,13,15,36,30
2025-08-03,Meat,30,12,31,5,19
2025-08-03,Beverages,50,32,28,46,33
2025-08-03,Spices,35,32,26,20,16
2025-08-03,Grains,14,18,28,6,15
2025-08-04,Dairy,24,35,10,44,26
2025-08-04,Meat,13,35,38,18,32
2025-08-04,Beverages,35,32,25,43,18
2025-08-04,Spices,26,38,44,16,27
2025-08-04,Grains,25,8,25,9,44
2025-08-05,Dairy,30,13,14,26,18
2025-08-05,Meat,42,47,40,11,37
2025-08-05,Beverages,8,32,6,23,14
2025-08-05,Spices,17,8,42,27,44
2025-08-05,Grains,8,38,37,16,28
2025-08-06,Dairy,28,34,41,35,30
2025-08-06,Meat,23,44,22,30,35
2025-08-06,Beverages,14,6,38,46,13
2025-08-06,Spices,32,6,33,24,45
2025-08-06,Grains,18,16,43,13,16
2025-08-07,Dairy,20,9,31,12,27
2025-08-07,Meat,27,13,14,7,11
2025-08-07,Beverages,21,8,12,43,19
2025-08-07,Spices,36,30,37,45,22
2025-08-07,Grains,24,50,11,11,7
2025-08-08,Dairy,41,49,15,37,19
2025-08-08,Meat,46,43,15,44,33
2025-08-08,Beverages,16,26,36,33,6
2025-08-08,Spices,42,22,46,47,17
2025-08-08,Grains,43,39,50,46,29
2025-08-09,Dairy,15,13,32,42,6
2025-08-09,Meat,19,43,49,19,20
2025-08-09,Beverages,50,47,43,47,28
2025-08-09,Spices,14,28,50,9,31
2025-08-09,Grains,49,17,23,28,37
2025-08-10,Dairy,13,42,32,45,7
2025-08-10,Meat,35,21,26,10,48
2025-08-10,Beverages,12,14,19,25,17
2025-08-10,Spices,42,30,41,18,26
2025-08-10,Grains,6,44,21,13,13
2025-08-11,Dairy,45,46,8,46,43
2025-08-11,Meat,24,24,48,22,32
2025-08-11,Beverages,39,7,32,41,11
2025-08-11,Spices,27,45,48,34,39
2025-08-11,Grains,6,46,7,36,31
2025-08-12,Dairy,41,38,7,27,50
2025-08-12,Meat,41,45,35,25,38
2025-08-12,Beverages,50,39,25,23,27
2025-08-12,Spices,45,35,17,27,30
2025-08-12,Grains,22,12,32,31,30
2025-08-13,Dairy,6,31,37,8,10
2025-08-13,Meat,44,27,48,17,43
2025-08-13,Beverages,40,10,17,45,14
2025-08-13,Spices,46,7,34,19,36
2025-08-13,Grains,32,33,46,18,49
2025-08-14,Dairy,26,24,31,24,6
2025-08-14,Meat,9,36,48,8,7
2025-08-14,Beverages,12,47,26,7,45
2025-08-14,Spices,19,12,7,33,29
2025-08-14,Grains,12,26,20,36,45
2025-08-15,Dairy,7,49,21,6,40
2025-08-15,Meat,28,40,23,20,36
2025-08-15,Beverages,37,5,10,41,12
2025-08-15,Spices,35,7,5,39,46
2025-08-15,Grains,14,49,15,39,50
2025-08-16,Dairy,50,13,11,40,23
2025-08-16,Meat,44,21,9,11,15
2025-08-16,Beverages,48,34,11,49,21
2025-08-16,Spices,49,28,14,20,48
2025-08-16,Grains,10,7,8,7,7
2025-08-17,Dairy,15,46,43,22,20
2025-08-17,Meat,8,16,49,21,49
2025-08-17,Beverages,33,37,38,49,31
2025-08-17,Spices,26,16,37,28,5
2025-08-17,Grains,15,12,25,28,17
2025-08-18,Dairy,50,18,21,20,49
2025-08-18,Meat,14,37,44,37,24
2025-08-18,Beverages,44,11,30,29,22
2025-08-18,Spices,45,20,33,20,10
2025-08-18,Grains,31,25,43,11,46
2025-08-19,Dairy,20,25,26,49,33
2025-08-19,Meat,21,35,43,41,18
2025-08-19,Beverages,14,25,29,24,33
2025-08-19,Spices,24,8,15,7,9
2025-08-19,Grains,43,8,49,11,15
2025-08-20,Dairy,35,48,37,23,35
2025-08-20,Meat,49,45,36,19,45
2025-08-20,Beverages,39,24,26,26,20
2025-08-20,Spices,40,47,6,31,36
2025-08-20,Grains,37,24,11,18,14
2025-08-21,Dairy,32,43,18,31,21
2025-08-21,Meat,36,49,16,28,38
2025-08-21,Beverages,34,29,27,27,43
2025-08-21,Spices,16,26,50,15,15
2025-08-21,Grains,19,17,39,16,21
2025-08-22,Dairy,13,12,35,25,14
2025-08-22,Meat,38,44,20,28,45
2025-08-22,Beverages,28,30,46,37,14
2025-08-22,Spices,5,5,39,25,26
2025-08-22,Grains,33,29,24,38,10
2025-08-23,Dairy,43,18,42,42,27
2025-08-23,Meat,7,9,37,42,8
2025-08-23,Beverages,29,28,39,45,20
2025-08-23,Spices,23,14,42,26,34
2025-08-23,Grains,29,43,25,22,20
2025-08-24,Dairy,44,49,13,50,26
2025-08-24,Meat,43,6,41,41,21
2025-08-24,Beverages,17,34,9,25,42
2025-08-24,Spices,33,30,5,16,27
2025-08-24,Grains,41,48,46,21,31
2025-08-25,Dairy,32,20,50,42,22
2025-08-25,Meat,25,39,19,16,19
2025-08-25,Beverages,14,49,37,36,22
2025-08-25,Spices,21,30,11,13,48
2025-08-25,Grains,15,28,42,48,7
2025-08-26,Dairy,34,12,34,36,37
2025-08-26,Meat,12,33,22,18,11
2025-08-26,Beverages,41,6,11,12,9
2025-08-26,Spices,17,24,25,36,44
2025-08-26,Grains,19,28,34,21,23
2025-08-27,Dairy,32,30,11,47,48
2025-08-27,Meat,7,23,50,40,26
2025-08-27,Beverages,23,20,30,37,19
2025-08-27,Spices,7,9,50,34,33
2025-08-27,Grains,34,33,21,20,32
2025-08-28,Dairy,48,19,35,45,13
2025-08-28,Meat,22,18,28,9,20
2025-08-28,Beverages,31,10,41,15,35
2025-08-28,Spices,46,15,6,22,27
2025-08-28,Grains,8,41,40,19,17
2025-08-29,Dairy,44,11,45,6,14
2025-08-29,Meat,13,48,15,35,32
2025-08-29,Beverages,26,13,23,14,50
2025-08-29,Spices,39,40,45,49,22
2025-08-29,Grains,26,14,38,44,5
2025-08-30,Dairy,31,20,22,35,42
2025-08-30,Meat,43,32,15,35,20
2025-08-30,Beverages,28,22,25,49,31
2025-08-30,Spices,15,13,46,8,37
2025-08-30,Grains,23,37,42,31,36
2025-08-31,Dairy,12,44,33,7,27
2025-08-31,Meat,34,20,38,5,15
2025-08-31,Beverages,10,28,13,14,45
2025-08-31,Spices,40,7,28,43,21
2025-08-31,Grains,8,18,39,45,26
2025-09-01,Dairy,20,45,45,17,28
2025-09-01,Meat,18,15,32,36,10
2025-09-01,Beverages,49,44,7,50,10
2025-09-01,Spices,46,20,20,45,33
2025-09-01,Grains,18,30,44,32,6
2025-09-02,Dairy,23,6,30,24,43
2025-09-02,Meat,28,25,18,5,40
2025-09-02,Beverages,19,28,15,25,45
2025-09-02,Spices,8,15,50,46,47
2025-09-02,Grains,34,41,44,16,37
2025-09-03,Dairy,16,37,50,15,25
2025-09-03,Meat,24,17,39,15,32
2025-09-03,Beverages,10,50,37,37,9
2025-09-03,Spices,25,25,45,37,36
2025-09-03,Grains,49,48,19,19,9
2025-09-04,Dairy,35,10,12,10,43
2025-09-04,Meat,7,29,50,9,9
2025-09-04,Beverages,8,12,40,28,38
2025-09-04,Spices,32,16,31,31,11
2025-09-04,Grains,7,7,47,26,18
2025-09-05,Dairy,35,33,29,33,42
2025-09-05,Meat,30,12,13,40,49
2025-09-05,Beverages,38,34,27,33,24
2025-09-05,Spices,7,5,11,11,21
2025-09-05,Grains,22,34,38,33,10
2025-09-06,Dairy,7,24,25,14,29
2025-09-06,Meat,23,15,43,41,48
2025-09-06,Beverages,15,5,20,17,50
2025-09-06,Spices,13,24,44,38,23
2025-09-06,Grains,13,24,34,49,12
2025-09-07,Dairy,17,44,49,24,21
2025-09-07,Meat,46,43,41,49,39
2025-09-07,Beverages,47,44,8,19,10
2025-09-07,Spices,29,27,45,24,49
2025-09-07,Grains,50,32,31,50,46
2025-09-08,Dairy,20,10,50,18,10
2025-09-08,Meat,40,20,41,16,49
2025-09-08,Beverages,23,32,21,35,8
2025-09-08,Spices,10,22,8,11,18
2025-09-08,Grains,14,10,45,33,10
2025-09-09,Dairy,48,41,27,12,49
2025-09-09,Meat,24,16,46,36,46
2025-09-09,Beverages,41,50,34,36,26
2025-09-09,Spices,29,22,15,28,12
2025-09-09,Grains,32,43,32,13,38
2025-09-10,Dairy,17,29,11,44,18
2025-09-10,Meat,15,30,31,22,16
2025-09-10,Beverages,22,37,18,5,21
2025-09-10,Spices,32,16,16,44,33
2025-09-10,Grains,42,12,47,23,43
2025-09-11,Dairy,47,26,25,14,15
2025-09-11,Meat,20,14,27,9,25
2025-09-11,Beverages,13,12,8,32,14
2025-09-11,Spices,14,8,45,36,19
2025-09-11,Grains,33,8,23,5,37
2025-09-12,Dairy,7,8,19,37,6
2025-09-12,Meat,46,26,15,27,32
2025-09-12,Beverages,8,50,6,43,19
2025-09-12,Spices,27,9,46,16,34
2025-09-12,Grains,49,28,10,7,29
2025-09-13,Dairy,28,43,22,13,34
2025-09-13,Meat,38,48,19,32,38
2025-09-13,Beverages,11,19,16,29,7
2025-09-13,Spices,16,12,16,6,37
2025-09-13,Grains,47,34,47,40,34
2025-09-14,Dairy,41,37,41,15,26
2025-09-14,Meat,48,21,12,29,7
2025-09-14,Beverages,28,38,5,39,31
2025-09-14,Spices,14,6,47,13,31
2025-09-14,Grains,30,35,18,39,6
2025-09-15,Dairy,41,31,12,15,18
2025-09-15,Meat,13,46,37,30,35
2025-09-15,Beverages,27,25,21,26,33
2025-09-15,Spices,36,27,46,45,39
2025-09-15,Grains,27,27,42,11,45
2025-09-16,Dairy,35,28,20,10,36
2025-09-16,Meat,40,25,46,31,45
2025-09-16,Beverages,5,42,26,45,34
2025-09-16,Spices,10,22,42,33,8
2025-09-16,Grains,20,41,8,31,7
2025-09-17,Dairy,31,26,47,15,47
2025-09-17,Meat,9,40,49,47,45
2025-09-17,Beverages,38,27,21,36,35
2025-09-17,Spices,32,19,48,30,33
2025-09-17,Grains,8,47,20,42,47
2025-09-18,Dairy,11,48,9,39,19
2025-09-18,Meat,41,23,26,19,6
2025-09-18,Beverages,44,20,41,13,35
2025-09-18,Spices,32,50,29,32,42
2025-09-18,Grains,40,11,27,11,18
2025-09-19,Dairy,28,27,20,45,46
2025-09-19,Meat,5,33,27,25,21
2025-09-19,Beverages,50,26,10,16,11
2025-09-19,Spices,40,17,40,41,8
2025-09-19,Grains,47,24,34,42,45
2025-09-20,Dairy,30,47,47,19,13
2025-09-20,Meat,44,23,20,24,17
2025-09-20,Beverages,28,18,49,41,33
2025-09-20,Spices,39,20,38,48,38
2025-09-20,Grains,49,9,35,7,7
2025-09-21,Dairy,17,24,19,20,17
2025-09-21,Meat,42,48,36,15,36
2025-09-21,Beverages,47,21,27,50,43
2025-09-21,Spices,24,39,7,34,24
2025-09-21,Grains,21,39,20,28,45
2025-09-22,Dairy,17,5,19,19,41
2025-09-22,Meat,28,49,37,28,39
2025-09-22,Beverages,43,42,48,17,28
2025-09-22,Spices,45,25,9,14,47
2025-09-22,Grains,7,13,35,6,30
2025-09-23,Dairy,23,43,15,45,33
2025-09-23,Meat,38,38,8,21,38
2025-09-23,Beverages,7,12,26,18,48
2025-09-23,Spices,25,36,29,29,49
2025-09-23,Grains,41,19,8,9,24
2025-09-24,Dairy,24,23,5,44,35
2025-09-24,Meat,27,11,41,6,36
2025-09-24,Beverages,28,30,9,48,40
2025-09-24,Spices,8,9,42,7,5
2025-09-24,Grains,11,26,46,14,39
2025-09-25,Dairy,20,45,13,16,12
2025-09-25,Meat,11,27,45,10,25
2025-09-25,Beverages,9,9,25,10,14
2025-09-25,Spices,10,8,25,38,40
2025-09-25,Grains,30,10,36,41,22
2025-09-26,Dairy,13,5,32,47,19
2025-09-26,Meat,12,11,47,30,47
2025-09-26,Beverages,7,6,9,44,34
2025-09-26,Spices,31,45,38,49,39
2025-09-26,Grains,7,41,14,38,8
2025-09-27,Dairy,9,12,15,50,46
2025-09-27,Meat,9,34,23,23,48
2025-09-27,Beverages,33,38,17,22,19
2025-09-27,Spices,21,22,35,17,40
2025-09-27,Grains,34,9,37,8,39
2025-09-28,Dairy,15,38,38,7,36
2025-09-28,Meat,13,39,30,14,6
2025-09-28,Beverages,8,40,31,33,27
2025-09-28,Spices,25,8,46,37,32
2025-09-28,Grains,33,33,12,11,42
2025-09-29,Dairy,30,10,44,10,37
2025-09-29,Meat,17,29,29,33,30
2025-09-29,Beverages,36,40,24,26,7
2025-09-29,Spices,13,21,34,19,36
2025-09-29,Grains,26,36,42,35,8
2025-09-30,Dairy,12,24,24,46,50
2025-09-30,Meat,16,39,17,47,9
2025-09-30,Beverages,41,15,27,41,39
2025-09-30,Spices,49,23,29,28,18
2025-09-30,Grains,17,45,37,40,12
2025-10-01,Dairy,23,20,27,24,19
2025-10-01,Meat,23,36,36,40,39
2025-10-01,Beverages,31,14,20,7,36
2025-10-01,Spices,49,42,39,25,42
2025-10-01,Grains,13,9,37,17,28
2025-10-02,Dairy,37,6,33,7,6
2025-10-02,Meat,31,44,22,39,6
2025-10-02,Beverages,42,34,21,27,46
2025-10-02,Spices,18,9,6,11,9
2025-10-02,Grains,35,18,10,21,44
2025-10-03,Dairy,24,26,38,42,25
2025-10-03,Meat,17,46,16,25,8
2025-10-03,Beverages,44,33,35,26,9
2025-10-03,Spices,5,31,7,32,10
2025-10-03,Grains,50,9,37,41,27
2025-10-04,Dairy,39,16,43,24,37
2025-10-04,Meat,13,11,19,17,21
2025-10-04,Beverages,5,41,46,19,42
2025-10-04,Spices,30,8,29,22,40
2025-10-04,Grains,19,19,15,33,5
2025-10-05,Dairy,31,32,37,37,16
2025-10-05,Meat,40,5,20,13,29
2025-10-05,Beverages,49,21,39,35,45
2025-10-05,Spices,50,43,45,11,5
2025-10-05,Grains,17,28,34,14,31
2025-10-06,Dairy,30,14,42,25,48
2025-10-06,Meat,48,38,14,27,45
2025-10-06,Beverages,7,31,45,5,43
2025-10-06,Spices,22,15,28,44,12
2025-10-06,Grains,37,27,40,39,24
2025-10-07,Dairy,10,35,14,20,24
2025-10-07,Meat,40,6,21,44,30
2025-10-07,Beverages,20,13,15,12,14
2025-10-07,Spices,13,47,28,23,31
2025-10-07,Grains,34,14,23,16,49
2025-10-08,Dairy,38,5,41,38,36
2025-10-08,Meat,22,38,20,12,36
2025-10-08,Beverages,43,33,40,31,5
2025-10-08,Spices,18,31,21,12,31
2025-10-08,Grains,18,8,48,39,31
2025-10-09,Dairy,33,34,25,14,14
2025-10-09,Meat,7,18,37,10,22
2025-10-09,Beverages,36,21,11,32,14
2025-10-09,Spices,46,23,37,45,17
2025-10-09,Grains,16,23,40,10,36
2025-10-10,Dairy,26,44,26,49,37
2025-10-10,Meat,22,32,20,30,43
2025-10-10,Beverages,37,45,25,27,41
2025-10-10,Spices,19,16,10,14,38
2025-10-10,Grains,47,20,13,41,8
2025-10-11,Dairy,6,39,21,10,19
2025-10-11,Meat,44,28,8,21,12
2025-10-11,Beverages,32,24,8,50,35
2025-10-11,Spices,17,15,37,29,28
2025-10-11,Grains,15,32,33,31,7
2025-10-12,Dairy,28,27,8,34,28
2025-10-12,Meat,49,27,50,48,21
2025-10-12,Beverages,44,43,12,50,18
2025-10-12,Spices,31,11,37,21,46
2025-10-12,Grains,21,46,6,42,21
2025-10-13,Dairy,48,38,44,12,50
2025-10-13,Meat,16,9,11,25,24
2025-10-13,Beverages,39,16,40,25,9
2025-10-13,Spices,30,35,40,28,29
2025-10-13,Grains,45,14,17,7,41
2025-10-14,Dairy,19,39,40,15,48
2025-10-14,Meat,19,38,43,43,29
2025-10-14,Beverages,18,27,43,44,45
2025-10-14,Spices,46,6,50,28,38
2025-10-14,Grains,46,20,19,39,41
2025-10-15,Dairy,22,14,18,18,7
2025-10-15,Meat,42,48,15,37,30
2025-10-15,Beverages,43,31,18,26,6
2025-10-15,Spices,48,13,40,20,43
2025-10-15,Grains,33,22,23,22,7
2025-10-16,Dairy,34,11,10,16,39
2025-10-16,Meat,28,18,22,32,40
2025-10-16,Beverages,28,43,21,24,36
2025-10-16,Spices,22,15,24,16,46
2025-10-16,Grains,10,16,16,40,13
2025-10-17,Dairy,24,26,38,38,26
2025-10-17,Meat,14,16,36,25,24
2025-10-17,Beverages,35,10,42,31,29
2025-10-17,Spices,20,23,27,15,38
2025-10-17,Grains,14,50,18,43,34
2025-10-18,Dairy,22,24,10,42,38
2025-10-18,Meat,18,37,12,36,20
2025-10-18,Beverages,37,37,40,43,7
2025-10-18,Spices,11,13,9,27,11
2025-10-18,Grains,32,30,35,9,22
2025-10-19,Dairy,24,9,48,25,19
2025-10-19,Meat,33,38,16,39,23
2025-10-19,Beverages,15,38,10,46,21
2025-10-19,Spices,33,33,43,23,18
2025-10-19,Grains,17,49,24,46,18
2025-10-20,Dairy,12,42,36,13,6
2025-10-20,Meat,23,19,13,18,15
2025-10-20,Beverages,34,33,7,23,8
2025-10-20,Spices,28,7,21,35,47
2025-10-20,Grains,34,15,35,8,21
2025-10-21,Dairy,46,12,30,33,22
2025-10-21,Meat,23,33,35,43,14
2025-10-21,Beverages,11,18,32,41,11
2025-10-21,Spices,36,46,27,32,40
2025-10-21,Grains,49,21,32,16,12
2025-10-22,Dairy,23,38,16,34,7
2025-10-22,Meat,45,33,43,6,14
2025-10-22,Beverages,24,44,11,41,28
2025-10-22,Spices,12,30,35,33,9
2025-10-22,Grains,50,10,32,12,11
2025-10-23,Dairy,14,40,29,8,40
2025-10-23,Meat,30,45,24,22,22
2025-10-23,Beverages,35,27,40,43,12
2025-10-23,Spices,5,35,37,45,12
2025-10-23,Grains,38,8,38,10,34
2025-10-24,Dairy,32,25,32,12,39
2025-10-24,Meat,20,34,30,30,23
2025-10-24,Beverages,7,13,9,9,17
2025-10-24,Spices,14,36,47,18,38
2025-10-24,Grains,31,12,6,42,49
2025-10-25,Dairy,14,44,28,41,18
2025-10-25,Meat,7,19,12,21,43
2025-10-25,Beverages,24,26,29,26,30
2025-10-25,Spices,21,18,25,31,17
2025-10-25,Grains,34,23,18,21,12
2025-10-26,Dairy,19,16,27,5,29
2025-10-26,Meat,25,40,36,16,29
2025-10-26,Beverages,35,14,22,35,18
2025-10-26,Spices,11,40,9,9,11
2025-10-26,Grains,17,11,23,23,31
2025-10-27,Dairy,36,23,14,6,24
2025-10-27,Meat,29,16,7,19,32
2025-10-27,Beverages,7,47,35,49,38
2025-10-27,Spices,6,38,6,17,37
2025-10-27,Grains,46,49,31,43,37
2025-10-28,Dairy,47,13,12,23,7
2025-10-28,Meat,27,38,19,23,32
2025-10-28,Beverages,30,30,43,15,39
2025-10-28,Spices,15,10,44,11,27
2025-10-28,Grains,32,36,11,22,7
2025-10-29,Dairy,47,34,7,28,7
2025-10-29,Meat,16,24,12,39,39
2025-10-29,Beverages,26,7,37,17,30
2025-10-29,Spices,17,22,35,41,29
2025-10-29,Grains,7,23,23,33,6
2025-10-30,Dairy,17,21,23,9,31
2025-10-30,Meat,18,32,12,30,21
2025-10-30,Beverages,27,44,27,39,20
2025-10-30,Spices,30,15,48,39,39
2025-10-30,Grains,21,20,44,38,18
2025-10-31,Dairy,22,46,20,50,45
2025-10-31,Meat,25,23,24,7,5
2025-10-31,Beverages,45,50,22,13,7
2025-10-31,Spices,22,47,12,10,14
2025-10-31,Grains,49,34,15,18,19
2025-11-01,Dairy,50,16,41,43,36
2025-11-01,Meat,30,18,46,30,32
2025-11-01,Beverages,30,33,31,31,10
2025-11-01,Spices,24,8,25,15,14
2025-11-01,Grains,48,31,39,34,16
2025-11-02,Dairy,33,21,42,37,30
2025-11-02,Meat,26,26,21,15,16
2025-11-02,Beverages,47,49,43,24,11
2025-11-02,Spices,6,42,40,10,27
2025-11-02,Grains,24,22,50,49,19
2025-11-03,Dairy,20,30,35,9,14
2025-11-03,Meat,49,25,37,18,19
2025-11-03,Beverages,38,16,23,22,26
2025-11-03,Spices,31,6,50,16,49
2025-11-03,Grains,30,47,37,10,12
2025-11-04,Dairy,6,22,12,12,27
2025-11-04,Meat,40,29,24,45,8
2025-11-04,Beverages,23,44,25,23,21
2025-11-04,Spices,6,10,47,14,16
2025-11-04,Grains,30,47,38,39,17
2025-11-05,Dairy,21,11,35,47,8
2025-11-05,Meat,12,9,23,28,19
2025-11-05,Beverages,46,9,39,32,6
2025-11-05,Spices,15,33,14,30,20
2025-11-05,Grains,24,35,12,39,10
2025-11-06,Dairy,12,18,30,19,42
2025-11-06,Meat,15,49,10,5,33
2025-11-06,Beverages,32,43,14,11,22
2025-11-06,Spices,8,49,50,13,26
2025-11-06,Grains,20,40,44,42,10
2025-11-07,Dairy,7,43,30,46,22
2025-11-07,Meat,15,23,31,42,6
2025-11-07,Beverages,28,21,10,26,32
2025-11-07,Spices,48,11,40,21,39
2025-11-07,Grains,11,5,10,23,43
2025-11-08,Dairy,15,13,22,28,44
2025-11-08,Meat,40,30,10,33,42
2025-11-08,Beverages,37,24,39,16,19
2025-11-08,Spices,17,44,24,15,27
2025-11-08,Grains,37,43,46,32,6
2025-11-09,Dairy,10,37,28,49,50
2025-11-09,Meat,37,21,19,27,40
2025-11-09,Beverages,45,38,26,18,19
2025-11-09,Spices,37,21,44,35,50
2025-11-09,Grains,8,13,17,46,15
2025-11-10,Dairy,16,22,20,31,7
2025-11-10,Meat,40,49,39,6,49
2025-11-10,Beverages,6,6,27,8,16
2025-11-10,Spices,22,14,13,42,49
2025-11-10,Grains,6,25,18,11,42
2025-11-11,Dairy,49,20,6,5,35
2025-11-11,Meat,23,8,6,49,16
2025-11-11,Beverages,38,18,20,16,18
2025-11-11,Spices,38,13,18,32,6
2025-11-11,Grains,17,10,44,28,12
2025-11-12,Dairy,41,14,43,37,30
2025-11-12,Meat,48,6,18,23,14
2025-11-12,Beverages,36,50,34,7,23
2025-11-12,Spices,17,13,22,42,35
2025-11-12,Grains,32,24,23,6,33
2025-11-13,Dairy,39,17,28,42,12
2025-11-13,Meat,46,34,40,31,6
2025-11-13,Beverages,10,32,44,19,11
2025-11-13,Spices,35,7,25,10,34
2025-11-13,Grains,13,15,32,13,8
2025-11-14,Dairy,30,32,30,37,49
2025-11-14,Meat,41,43,31,43,15
2025-11-14,Beverages,21,31,47,12,6
2025-11-14,Spices,12,11,33,49,42
2025-11-14,Grains,12,15,42,40,15
2025-11-15,Dairy,32,29,29,37,47
2025-11-15,Meat,27,40,39,20,25
2025-11-15,Beverages,42,23,20,29,18
2025-11-15,Spices,7,14,49,32,47
2025-11-15,Grains,44,7,11,9,47
2025-11-16,Dairy,18,45,23,11,25
2025-11-16,Meat,35,33,41,28,27
2025-11-16,Beverages,19,35,50,18,42
2025-11-16,Spices,37,9,50,42,29
2025-11-16,Grains,30,43,33,38,23
2025-11-17,Dairy,9,10,47,12,33
2025-11-17,Meat,44,7,37,38,8
2025-11-17,Beverages,19,41,11,45,31
2025-11-17,Spices,47,22,32,31,18
2025-11-17,Grains,27,36,32,13,26
2025-11-18,Dairy,34,40,7,39,21
2025-11-18,Meat,19,24,44,50,20
2025-11-18,Beverages,26,26,5,7,10
2025-11-18,Spices,31,50,25,21,27
2025-11-18,Grains,45,31,32,33,32
2025-11-19,Dairy,20,49,19,7,48
2025-11-19,Meat,6,24,41,14,7
2025-11-19,Beverages,8,17,38,28,38
2025-11-19,Spices,35,49,24,22,20
2025-11-19,Grains,30,32,11,39,7
2025-11-20,Dairy,31,40,11,31,14
2025-11-20,Meat,46,16,49,46,39
2025-11-20,Beverages,48,49,12,43,36
2025-11-20,Spices,40,38,21,35,25
2025-11-20,Grains,50,38,42,24,11
2025-11-21,Dairy,47,40,45,8,49
2025-11-21,Meat,25,27,16,35,32
2025-11-21,Beverages,28,44,41,17,40
2025-11-21,Spices,21,36,25,37,24
2025-11-21,Grains,20,38,25,19,24
2025-11-22,Dairy,6,27,35,22,47
2025-11-22,Meat,12,8,23,45,40
2025-11-22,Beverages,10,33,35,40,44
2025-11-22,Spices,48,39,46,20,49
2025-11-22,Grains,7,20,36,26,47
2025-11-23,Dairy,32,11,17,9,21
2025-11-23,Meat,44,41,50,43,42
2025-11-23,Beverages,48,42,14,36,30
2025-11-23,Spices,20,20,8,47,14
2025-11-23,Grains,38,11,39,30,30
2025-11-24,Dairy,5,6,10,28,6
2025-11-24,Meat,17,43,11,5,21
2025-11-24,Beverages,49,42,20,20,12
2025-11-24,Spices,23,20,34,44,25
2025-11-24,Grains,7,21,42,22,33
2025-11-25,Dairy,5,31,7,30,31
2025-11-25,Meat,45,16,33,24,23
2025-11-25,Beverages,32,36,46,50,34
2025-11-25,Spices,50,43,38,34,30
2025-11-25,Grains,12,9,30,45,25
2025-11-26,Dairy,49,29,13,30,22
2025-11-26,Meat,26,12,33,28,35
2025-11-26,Beverages,10,44,42,39,44
2025-11-26,Spices,7,26,27,39,5
2025-11-26,Grains,12,30,44,8,40
2025-11-27,Dairy,29,5,25,30,30
2025-11-27,Meat,48,23,49,43,26
2025-11-27,Beverages,14,25,19,40,12
2025-11-27,Spices,22,18,44,47,36
2025-11-27,Grains,50,24,11,36,38
2025-11-28,Dairy,43,44,35,11,48
2025-11-28,Meat,46,34,20,21,29
2025-11-28,Beverages,12,44,43,22,19
2025-11-28,Spices,44,18,30,30,17
2025-11-28,Grains,49,13,13,13,15
2025-11-29,Dairy,30,26,32,10,32
2025-11-29,Meat,34,18,37,15,30
2025-11-29,Beverages,20,25,8,30,25
2025-11-29,Spices,23,6,46,50,11
2025-11-29,Grains,10,8,12,35,30
2025-11-30,Dairy,39,34,44,43,39
2025-11-30,Meat,45,6,21,32,28
2025-11-30,Beverages,10,39,41,31,46
2025-11-30,Spices,23,24,32,7,39
2025-11-30,Grains,31,42,41,36,36
2025-12-01,Dairy,24,14,5,40,32
2025-12-01,Meat,9,13,34,36,44
2025-12-01,Beverages,27,16,9,22,12
2025-12-01,Spices,31,35,10,39,9
2025-12-01,Grains,50,5,8,30,27
2025-12-02,Dairy,29,26,36,16,26
2025-12-02,Meat,24,17,6,34,27
2025-12-02,Beverages,37,16,26,48,48
2025-12-02,Spices,13,30,26,50,37
2025-12-02,Grains,9,37,38,48,24
2025-12-03,Dairy,35,36,34,5,17
2025-12-03,Meat,39,37,26,28,49
2025-12-03,Beverages,32,49,11,7,49
2025-12-03,Spices,15,36,7,41,21
2025-12-03,Grains,32,24,35,28,26
2025-12-04,Dairy,17,17,16,32,25
2025-12-04,Meat,19,22,12,15,8
2025-12-04,Beverages,23,36,42,47,43
2025-12-04,Spices,7,38,40,44,35
2025-12-04,Grains,45,13,35,31,10
2025-12-05,Dairy,39,20,27,23,5
2025-12-05,Meat,22,32,6,33,37
2025-12-05,Beverages,18,9,26,30,14
2025-12-05,Spices,26,5,9,37,14
2025-12-05,Grains,34,45,19,41,23
2025-12-06,Dairy,16,35,43,13,10
2025-12-06,Meat,46,34,23,28,32
2025-12-06,Beverages,29,34,47,15,44
2025-12-06,Spices,36,5,15,41,6
2025-12-06,Grains,24,38,40,24,5
2025-12-07,Dairy,37,25,6,48,28
2025-12-07,Meat,34,34,17,40,6
2025-12-07,Beverages,23,30,17,32,26
2025-12-07,Spices,37,7,21,44,39
2025-12-07,Grains,26,21,48,39,48
2025-12-08,Dairy,49,17,5,32,25
2025-12-08,Meat,18,47,47,32,35
2025-12-08,Beverages,40,40,41,10,40
2025-12-08,Spices,5,10,33,10,33
2025-12-08,Grains,7,29,7,46,5
2025-12-09,Dairy,5,6,7,50,23
2025-12-09,Meat,6,23,31,49,42
2025-12-09,Beverages,11,48,30,17,14
2025-12-09,Spices,19,34,8,39,30
2025-12-09,Grains,6,20,28,9,29
2025-12-10,Dairy,36,24,30,12,19
2025-12-10,Meat,20,7,29,7,13
2025-12-10,Beverages,8,31,17,7,5
2025-12-10,Spices,44,12,28,46,13
2025-12-10,Grains,5,32,19,8,12
2025-12-11,Dairy,42,38,27,12,45
2025-12-11,Meat,6,37,25,11,14
2025-12-11,Beverages,32,33,41,35,28
2025-12-11,Spices,38,9,37,34,40
2025-12-11,Grains,7,6,39,7,38
2025-12-12,Dairy,50,42,42,36,28
2025-12-12,Meat,24,48,12,7,45
2025-12-12,Beverages,25,5,16,34,36
2025-12-12,Spices,12,18,28,16,38
2025-12-12,Grains,26,23,28,24,37
2025-12-13,Dairy,31,33,38,9,33
2025-12-13,Meat,9,32,48,48,15
2025-12-13,Beverages,47,29,38,43,47
2025-12-13,Spices,26,24,30,22,32
2025-12-13,Grains,40,14,41,5,43
2025-12-14,Dairy,45,19,30,10,12
2025-12-14,Meat,14,46,31,22,29
2025-12-14,Beverages,42,47,37,28,12
2025-12-14,Spices,28,27,17,14,19
2025-12-14,Grains,8,42,32,25,29
2025-12-15,Dairy,47,39,9,15,13
2025-12-15,Meat,47,36,37,12,21
2025-12-15,Beverages,13,36,34,32,36
2025-12-15,Spices,38,45,50,12,18
2025-12-15,Grains,11,26,43,17,39
2025-12-16,Dairy,30,47,25,28,19
2025-12-16,Meat,27,35,42,46,48
2025-12-16,Beverages,43,16,8,24,36
2025-12-16,Spices,26,37,32,20,11
2025-12-16,Grains,44,9,34,30,22
2025-12-17,Dairy,6,38,15,48,17
2025-12-17,Meat,20,18,29,6,45
2025-12-17,Beverages,22,5,23,13,19
2025-12-17,Spices,41,36,33,34,9
2025-12-17,Grains,24,37,50,41,34
2025-12-18,Dairy,30,29,42,17,48
2025-12-18,Meat,10,47,17,24,36
2025-12-18,Beverages,32,20,44,16,35
2025-12-18,Spices,26,18,32,40,10
2025-12-18,Grains,48,12,34,25,43
2025-12-19,Dairy,5,19,8,29,35
2025-12-19,Meat,16,29,17,43,23
2025-12-19,Beverages,10,14,18,48,24
2025-12-19,Spices,50,6,36,30,13
2025-12-19,Grains,28,29,30,44,35
2025-12-20,Dairy,6,11,47,47,23
2025-12-20,Meat,21,48,30,11,5
2025-12-20,Beverages,9,20,36,31,49
2025-12-20,Spices,23,12,16,12,50
2025-12-20,Grains,41,27,36,35,31
2025-12-21,Dairy,14,40,47,35,13
2025-12-21,Meat,44,6,21,48,5
2025-12-21,Beverages,39,7,39,26,41
2025-12-21,Spices,49,8,10,16,25
2025-12-21,Grains,23,39,13,42,38
2025-12-22,Dairy,29,30,43,20,9
2025-12-22,Meat,13,9,46,18,46
2025-12-22,Beverages,18,24,42,45,33
2025-12-22,Spices,26,18,43,15,9
2025-12-22,Grains,29,13,27,46,30
2025-12-23,Dairy,25,12,25,23,24
2025-12-23,Meat,50,29,26,38,33
2025-12-23,Beverages,26,46,7,29,16
2025-12-23,Spices,30,46,28,35,43
2025-12-23,Grains,44,6,32,38,47
2025-12-24,Dairy,21,14,27,16,26
2025-12-24,Meat,24,50,42,22,14
2025-12-24,Beverages,26,5,11,21,23
2025-12-24,Spices,47,36,24,17,8
2025-12-24,Grains,20,28,28,39,14
2025-12-25,Dairy,6,18,22,8,32
2025-12-25,Meat,38,13,35,48,48
2025-12-25,Beverages,17,45,20,29,42
2025-12-25,Spices,12,43,12,9,10
2025-12-25,Grains,48,34,48,32,8
2025-12-26,Dairy,6,50,34,32,25
2025-12-26,Meat,34,18,28,41,34
2025-12-26,Beverages,26,13,46,41,14
2025-12-26,Spices,26,45,24,22,37
2025-12-26,Grains,27,31,30,39,6
2025-12-27,Dairy,10,16,36,36,47
2025-12-27,Meat,18,40,13,33,49
2025-12-27,Beverages,14,34,29,35,32
2025-12-27,Spices,8,14,18,15,17
2025-12-27,Grains,18,40,22,45,49
2025-12-28,Dairy,16,7,20,30,20
2025-12-28,Meat,21,47,7,6,14
2025-12-28,Beverages,36,17,11,17,24
2025-12-28,Spices,50,26,24,20,10
2025-12-28,Grains,45,23,22,20,10
2025-12-29,Dairy,9,17,22,36,12
2025-12-29,Meat,37,37,44,8,35
2025-12-29,Beverages,19,34,28,26,38
2025-12-29,Spices,28,44,23,43,33
2025-12-29,Grains,21,42,16,17,40
2025-12-30,Dairy,31,35,43,10,32
2025-12-30,Meat,11,16,18,26,25
2025-12-30,Beverages,49,34,6,20,42
2025-12-30,Spices,35,42,18,17,19
2025-12-30,Grains,40,25,49,40,16
2025-12-31,Dairy,21,20,5,15,47
2025-12-31,Meat,26,5,45,47,16
2025-12-31,Beverages,9,18,28,41,47
2025-12-31,Spices,21,32,23,14,13
2025-12-31,Grains,43,23,12,47,7
